blog_publishing_mode,blog_admin_permission,blog_author_permission,blog_reader_permission,blog_by_post_archiving,blog_name,blog_description,blog_send_email,blog_adult_content,blog_analytics_account_number,blog_archive_date_format,blog_date_format,blog_time_stamp_format,blog_archive_frequency,blog_locale,blog_time_zone,blog_read_access_mode,blog_use_lightbox,blog_per_post_feed,blog_post_feed,blog_convert_line_breaks,blog_ideas_panel_opt_out,blog_feed_redirect_url,blog_subdomain,blog_float_alignment,blog_searchable,blog_email_post_links,blog_max_num,blog_max_unit,blog_show_url,blog_quick_editing,blog_comment_access,blog_comment_captcha,blog_comment_email,blog_comment_feed,blog_comment_form_location,blog_comment_moderation,blog_comment_moderation_delay,blog_comment_moderation_email,blog_comment_profile_images,blog_comments_allowed,blog_comments_time_stamp_format,blog_default_comments_mode,blog_comment_message,blog_custom_ads_txt,blog_custom_ads_txt_enabled,blog_custom_page_not_found,blog_custom_robots_txt,blog_custom_robots_txt_enabled,blog_meta_description,blog_meta_description_enabled,blog_post_feed_footer,blog_post_template,blog_jump_text,email_for_posting,publish_email_posts,visible_on_profile_page,stats_timeframe,navbar_type,web_fonts,current_layout_type,show_mobile_view,mobile_skin,mobile_skin_variant,adsense_prefs
HOSTED,asveora.social@gmail.com,,,true,Asveora Source,,,false,,,26,15,MONTHLY,en,America/Los_Angeles,PUBLIC,true,,,,,,framework-asveora,true,true,false,7,POSTS,false,true,BLOGGER,true,,,EMBEDDED_IFRAME,DISABLED,14,,true,true,29,DEFAULT_HAVE_COMMENTS,,,false,"<!--HTML START-->

 <!--ERROR-MESSAGE-->

 <div class=""error-message"">
  <div class=""message-title"">
   <span class=""lb-text-02""><b>Whoops! Wrong turn!</b></span>
        </div>
  <div class=""message-body"">
          <span class=""message-text"">Let's try to get you back to <a href=""https://framework.asveora.social/""><span class=""link-text"">familiar territory</span></a> since it seems you came across a broken link or content that does not exist. Good luck with your explorations! :)</span>
        </div>
 </div>

<!--CSS-START-->

<style>
  
   body{
  background: url('https://blogger.googleusercontent.com/img/b/R29vZ2xl/AVvXsEjIeG5N5bzVjzK01eW4a_20JRBcIDfFHE7IJLZdZqweE_FMY77FWVO-OGyd8DAMpHHjp18ihm-rC7f1mNqqgXD-DzdUDX_0UIGOQezzoDzb7lZCbX12kgF5oDblQMuUKdfW8CHqZl-2EMknIlo2UhXzWhUFum1RKmDwnpMbheBIrfUmaRClzI4qQCqUVfs/w3840-h2160/ASV_Profile_Banner_0001_M4X.png') no-repeat center center fixed; 
        -webkit-background-size: cover;
        -moz-background-size: cover;
        -o-background-size: cover;
        background-size: cover;
  background-position: center;
  background-repeat: no-repeat;
  overflow-y: scroll;
  overscroll-behavior-y: contain;
 }
  
 .lb-text-02{
  font-family: helvetica, arial, sans-serif;
  font-size: 60px;
  color: #ffffff;
 }
  
 .error-message{
  background: #616161;
  border-radius: 50px;
  margin-top: 160px;
  margin-left: auto;
  margin-right: auto;
  padding: 60px;
 }
  
 .message-title{
  text-align: left;
 }
  
 .message-body{
  margin-top: 10px;
  text-align: left;
 }

 .message-text{
  font-family: helvetica, arial, sans-serif;
  font-size: 28px;
  color: #ffffff;
 }
  
 .link-text{
  font-family: helvetica, arial, sans-serif;
  font-size: 28px;
  color: #292929;
  text-decoration: underline;
 }
  
</style>",,false,,false,,,,,,,,DISABLED,"web_fonts {
  font_name: ""Readex Pro""
}
",LAYOUTS,false,,,
